Ogden,UT,84405,Fun Unlimited,Gouverneur,NY,13642,Fun Unlimited,441228
Ogden,UT,84405,Fun Unlimited,Logan,UT,84341,Fun Unlimited,443142
Ogden,UT,84405,Fun Unlimited,Phoenix,AZ,85029,Fun Unlimited,621399
Tallahassee,FL,32303,Rush Hour,Tallahassee,FL,32303,Rush Hour,453998
Tallahassee,FL,32303,Rush Hour,Redwood City,CA,94063,Rush Hour,722320
Frederick,MD,21703,Chopsticks Express,Portland,OR,97214,Chopsticks Express,722511
Frederick,MD,21703,Chopsticks Express,Frederick,MD,21703,Chopsticks Express,722511
Frederick,MD,21703,Chopsticks Express,Portsmouth,NH,03801,Chopsticks Express,722511
Frederick,MD,21703,Chopsticks Express,Springfield,VA,22153,Chopsticks Express,722511
Salt Lake City,UT,84111,Al Rounds Studio,Salt Lake City,UT,84111,Al Rounds Studio,712110
Terre Haute,IN,47802,Trigon Corporation,Terre Haute,IN,47802,Trigon Corporation,339910
Bloomington,MN,55425,Holiday Stationstores,Mankato,MN,56001,Holiday Stationstores,445120
Bloomington,MN,55425,Holiday Stationstores,Eden Prairie,MN,55344,Holiday Stationstores,445120
Bloomington,MN,55425,Holiday Stationstores,Kalispell,MT,59901,Holiday Stationstores,445120
Bloomington,MN,55425,Holiday Stationstores,Saint Paul,MN,55121,Holiday Stationstores,445120
Bloomington,MN,55425,Holiday Stationstores,Anoka,MN,55303,Holiday Stationstores,445120
Bloomington,MN,55425,Holiday Stationstores,Minneapolis,MN,55416,Holiday Stationstores,445120
Bloomington,MN,55425,Holiday Stationstores,Osseo,MN,55311,Holiday Stationstores,445120
Bloomington,MN,55425,Holiday Stationstores,Fargo,ND,58103,Holiday Stationstores,445120
Bloomington,MN,55425,Holiday Stationstores,Havre,MT,59501,Holiday Stationstores,445120
Bloomington,MN,55425,Holiday Stationstores,River Falls,WI,54022,Holiday Stationstores,445120
Temple Hills,MD,20748,Echo For Men,Temple Hills,MD,20748,Echo For Men,446120
Toledo,OH,43623,Jule,Noblesville,IN,46060,Jule,448310
Grand Rapids,MI,49512,Suki Hana Of Woodland,Grand Rapids,MI,49512,Suki Hana Of Woodland,722511
Exton,PA,19341,Pinwheels,Croton On Hudson,NY,10520,Pinwheels,451130
Exton,PA,19341,Pinwheels,Mccomb,MS,39648,Pinwheels,451120
Columbus,GA,31909,Beds Direct,Lake Havasu City,AZ,86403,Beds Direct,442110
Columbus,GA,31909,Beds Direct,Sanford,NC,27330,Beds Direct,442110
Costa Mesa,CA,92626,Balenciaga,Las Vegas,NV,89158,Balenciaga,448140
Costa Mesa,CA,92626,Balenciaga,Redwood City,CA,94065,Balenciaga,448140
Costa Mesa,CA,92626,Balenciaga,Honolulu,HI,96814,Balenciaga,448190
Costa Mesa,CA,92626,Balenciaga,Las Vegas,NV,89109,Balenciaga,448140
Strongsville,OH,44136,Pick Of The Litter,Newport,OR,97365,Pick Of The Litter,453310
Strongsville,OH,44136,Pick Of The Litter,Savannah,GA,31406,Pick Of The Litter,453310
Centennial,CO,80122,Pho 95,Richardson,TX,75081,Pho 95,722511
Centennial,CO,80122,Pho 95,Houston,TX,77067,Pho 95,722511
Centennial,CO,80122,Pho 95,Arlington,TX,76010,Pho 95,722511
Centennial,CO,80122,Pho 95,Littleton,CO,80122,Pho 95,722511
Centennial,CO,80122,Pho 95,Dallas,TX,75243,Pho 95,722511
Centennial,CO,80122,Pho 95,Denver,CO,80219,Pho 95,722511
West Covina,CA,91790,Bee Crazee,Los Angeles,CA,90021,Bee Crazee,423990
Mankato,MN,56001,Mankato Clinic,Mankato,MN,56001,Mankato Clinic,621399
Mankato,MN,56001,Mankato Clinic,Mankato,MN,56001,Mankato Clinic,621111
Burlington,NC,27215,Solteria,Burlington,NC,27215,Solteria,448210
Wichita Falls,TX,76308,Knife Guys,Amarillo,TX,79121,Knife Guys,423710
Wichita Falls,TX,76308,Knife Guys,Denver,CO,80223,Knife Guys,423440
Wichita Falls,TX,76308,Knife Guys,Wichita Falls,TX,76308,Knife Guys,453998
Wichita Falls,TX,76308,Knife Guys,Albuquerque,NM,87107,Knife Guys,442299
Birmingham,AL,35243,Mountain High Outfitters,Atlanta,GA,30327,Mountain High Outfitters,451110
Birmingham,AL,35243,Mountain High Outfitters,Huntsville,AL,35806,Mountain High Outfitters,451110
Birmingham,AL,35243,Mountain High Outfitters,Birmingham,AL,35243,Mountain High Outfitters,451110
Birmingham,AL,35243,Mountain High Outfitters,Birmingham,AL,35222,Mountain High Outfitters,451110
Birmingham,AL,35243,Mountain High Outfitters,Franklin,TN,37067,Mountain High Outfitters,451110
Birmingham,AL,35243,Mountain High Outfitters,Birmingham,AL,35243,Mountain High Outfitters,451110
Birmingham,AL,35243,Mountain High Outfitters,Birmingham,AL,35222,Mountain High Outfitters,451110
Pasadena,CA,91101,Paseo Pharmacy,Pasadena,CA,91107,Paseo Pharmacy,446110
Abilene,TX,79606,Nut Shack,Abilene,TX,79606,Nut Shack,445292
Abilene,TX,79606,Nut Shack,Bunnell,FL,32110,Nut Shack,445292
San Antonio,TX,78247,Bridal Connection,San Antonio,TX,78232,Bridal Connection,315240
San Antonio,TX,78247,Bridal Connection,Ankeny,IA,50023,Bridal Connection,448120
Kinston,NC,28504,Ducks Bingo,Kinston,NC,28504,Ducks Bingo,713990
Baton Rouge,LA,70836,Grimaldis Pizzeria,Sugar Land,TX,77479,Grimaldis Pizzeria,722513
Baton Rouge,LA,70836,Grimaldis Pizzeria,San Antonio,TX,78256,Grimaldis Pizzeria,722513
Baton Rouge,LA,70836,Grimaldis Pizzeria,Fort Myers,FL,33907,Grimaldis Pizzeria,722513
Baton Rouge,LA,70836,Grimaldis Pizzeria,Scottsdale,AZ,85254,Grimaldis Pizzeria,722513
Baton Rouge,LA,70836,Grimaldis Pizzeria,Little Neck,NY,11362,Grimaldis Pizzeria,722513
Baton Rouge,LA,70836,Grimaldis Pizzeria,Las Vegas,NV,89118,Grimaldis Pizzeria,722513
Baton Rouge,LA,70836,Grimaldis Pizzeria,Gilbert,AZ,85295,Grimaldis Pizzeria,722513
Baton Rouge,LA,70836,Grimaldis Pizzeria,Sparks,NV,89434,Grimaldis Pizzeria,722513
Bozeman,MT,59718,Bon Marche,Santa Fe,NM,87501,Bon Marche,442299
Bozeman,MT,59718,Bon Marche,Redmond,WA,98052,Bon Marche,442110
Langhorne,PA,19047,Formals X O Inc,Pleasantville,NJ,08232,Formals X O Inc,453110
Chicago,IL,60611,Freshii,Chicago,IL,60654,Freshii,561110
Chicago,IL,60611,Freshii,Chicago,IL,60604,Freshii,722511
Chicago,IL,60611,Freshii,Indianapolis,IN,46250,Freshii,722511
Chicago,IL,60611,Freshii,Chicago,IL,60601,Freshii,722511
Chicago,IL,60611,Freshii,Washington,DC,20005,Freshii,722511
Chicago,IL,60611,Freshii,Oxon Hill,MD,20745,Freshii,722511
Chicago,IL,60611,Freshii,Chicago,IL,60661,Freshii,722320
Brockton,MA,2301,Madrag,Miami,FL,33144,Madrag,453310
Brockton,MA,2301,Madrag,Providence,RI,02909,Madrag,448140
Brockton,MA,2301,Madrag,Philadelphia,PA,19145,Madrag,448120
Brockton,MA,2301,Madrag,Hialeah,FL,33012,Madrag,424320
Brockton,MA,2301,Madrag,Wyncote,PA,19095,Madrag,448120
Brockton,MA,2301,Madrag,Hialeah,FL,33012,Madrag,453310
Brockton,MA,2301,Madrag,Bridgeport,CT,06610,Madrag,448140
Brockton,MA,2301,Madrag,Miami,FL,33175,Madrag,448120
Brockton,MA,2301,Madrag,Roslindale,MA,02131,Madrag,448120
Madison,WI,53704,Endurance House,Delafield,WI,53018,Endurance House,448210
Madison,WI,53704,Endurance House,Middleton,WI,53562,Endurance House,448210
